{
  "name": "Country",
  "fields": [
    {
      "fieldName": "countryName",
      "fieldType": "String"
    }
  ],
  "relationships": [
    {
      "relationshipType": "one-to-one",
      "otherEntityName": "region",
      "otherEntityRelationshipName": "country",
      "relationshipName": "region",
      "otherEntityField": "id",
      "ownerSide": true
    }
  ],
  "changelogDate": "20201021020231",
  "entityTableName": "country",
  "dto": "no",
  "pagination": "no",
  "service": "serviceImpl",
  "jpaMetamodelFiltering": false,
  "fluentMethods": true,
  "readOnly": false,
  "embedded": false,
  "clientRootFolder": "",
  "applications": "*"
}
