{
  "name": "Department",
  "fields": [
    {
      "fieldName": "departmentName",
      "fieldType": "String",
      "fieldValidateRules": [
        "required"
      ]
    }
  ],
  "relationships": [
    {
      "relationshipType": "one-to-one",
      "otherEntityName": "location",
      "otherEntityRelationshipName": "department",
      "relationshipName": "location",
      "otherEntityField": "id",
      "ownerSide": true
    },
    {
      "relationshipType": "one-to-many",
      "otherEntityName": "employee",
      "otherEntityRelationshipName": "department",
      "javadoc": "A relationship",
      "relationshipName": "employee"
    }
  ],
  "changelogDate": "20201021020431",
  "entityTableName": "department",
  "dto": "no",
  "pagination": "no",
  "service": "serviceImpl",
  "jpaMetamodelFiltering": false,
  "fluentMethods": true,
  "readOnly": false,
  "embedded": false,
  "clientRootFolder": "",
  "applications": "*"
}
