{
  "name": "Employee",
  "fields": [
    {
      "fieldName": "firstName",
      "fieldType": "String",
      "javadoc": "The firstname attribute."
    },
    {
      "fieldName": "lastName",
      "fieldType": "String"
    },
    {
      "fieldName": "email",
      "fieldType": "String"
    },
    {
      "fieldName": "phoneNumber",
      "fieldType": "String"
    },
    {
      "fieldName": "hireDate",
      "fieldType": "Instant"
    },
    {
      "fieldName": "salary",
      "fieldType": "Long"
    },
    {
      "fieldName": "commissionPct",
      "fieldType": "Long"
    }
  ],
  "relationships": [
    {
      "relationshipType": "one-to-many",
      "otherEntityName": "job",
      "otherEntityRelationshipName": "employee",
      "relationshipName": "job"
    },
    {
      "relationshipType": "many-to-one",
      "otherEntityName": "employee",
      "otherEntityRelationshipName": "employee",
      "relationshipName": "manager",
      "otherEntityField": "id"
    },
    {
      "relationshipType": "many-to-one",
      "otherEntityName": "department",
      "otherEntityRelationshipName": "employee",
      "javadoc": "Another side of the same relationship",
      "relationshipName": "department",
      "otherEntityField": "id"
    }
  ],
  "changelogDate": "20201021020631",
  "javadoc": "The Employee entity.",
  "entityTableName": "employee",
  "dto": "no",
  "pagination": "infinite-scroll",
  "service": "no",
  "jpaMetamodelFiltering": false,
  "fluentMethods": true,
  "readOnly": false,
  "embedded": false,
  "clientRootFolder": "",
  "applications": "*"
}
