{
  "name": "Job",
  "fields": [
    {
      "fieldName": "jobTitle",
      "fieldType": "String"
    },
    {
      "fieldName": "minSalary",
      "fieldType": "Long"
    },
    {
      "fieldName": "maxSalary",
      "fieldType": "Long"
    }
  ],
  "relationships": [
    {
      "relationshipType": "many-to-many",
      "otherEntityName": "task",
      "otherEntityRelationshipName": "job",
      "relationshipName": "task",
      "otherEntityField": "title",
      "ownerSide": true
    },
    {
      "relationshipType": "many-to-one",
      "otherEntityName": "employee",
      "otherEntityRelationshipName": "job",
      "relationshipName": "employee",
      "otherEntityField": "id"
    }
  ],
  "changelogDate": "20201021020731",
  "entityTableName": "job",
  "dto": "no",
  "pagination": "pagination",
  "service": "no",
  "jpaMetamodelFiltering": false,
  "fluentMethods": true,
  "readOnly": false,
  "embedded": false,
  "clientRootFolder": "",
  "applications": "*"
}
