{
  "name": "JobHistory",
  "fields": [
    {
      "fieldName": "startDate",
      "fieldType": "Instant"
    },
    {
      "fieldName": "endDate",
      "fieldType": "Instant"
    },
    {
      "fieldName": "language",
      "fieldType": "Language",
      "fieldValues": "FRENCH,ENGLISH,SPANISH"
    }
  ],
  "relationships": [
    {
      "relationshipType": "one-to-one",
      "otherEntityName": "job",
      "otherEntityRelationshipName": "jobHistory",
      "relationshipName": "job",
      "otherEntityField": "id",
      "ownerSide": true
    },
    {
      "relationshipType": "one-to-one",
      "otherEntityName": "department",
      "otherEntityRelationshipName": "jobHistory",
      "relationshipName": "department",
      "otherEntityField": "id",
      "ownerSide": true
    },
    {
      "relationshipType": "one-to-one",
      "otherEntityName": "employee",
      "otherEntityRelationshipName": "jobHistory",
      "relationshipName": "employee",
      "otherEntityField": "id",
      "ownerSide": true
    }
  ],
  "changelogDate": "20201021020831",
  "entityTableName": "job_history",
  "dto": "no",
  "pagination": "infinite-scroll",
  "service": "serviceImpl",
  "jpaMetamodelFiltering": false,
  "fluentMethods": true,
  "readOnly": false,
  "embedded": false,
  "clientRootFolder": "",
  "applications": "*"
}
