{
  "name": "Location",
  "fields": [
    {
      "fieldName": "streetAddress",
      "fieldType": "String"
    },
    {
      "fieldName": "postalCode",
      "fieldType": "String"
    },
    {
      "fieldName": "city",
      "fieldType": "String"
    },
    {
      "fieldName": "stateProvince",
      "fieldType": "String"
    }
  ],
  "relationships": [
    {
      "relationshipType": "one-to-one",
      "otherEntityName": "country",
      "otherEntityRelationshipName": "location",
      "relationshipName": "country",
      "otherEntityField": "id",
      "ownerSide": true
    }
  ],
  "changelogDate": "20201021020331",
  "javadoc": "not an ignored comment",
  "entityTableName": "location",
  "dto": "no",
  "pagination": "no",
  "service": "serviceImpl",
  "jpaMetamodelFiltering": false,
  "fluentMethods": true,
  "readOnly": false,
  "embedded": false,
  "clientRootFolder": "",
  "applications": "*"
}
