{
  "name": "Task",
  "fields": [
    {
      "fieldName": "title",
      "fieldType": "String"
    },
    {
      "fieldName": "description",
      "fieldType": "String"
    }
  ],
  "relationships": [
    {
      "relationshipType": "many-to-many",
      "otherEntityName": "job",
      "otherEntityRelationshipName": "task",
      "relationshipName": "job",
      "otherEntityField": "id",
      "ownerSide": false
    }
  ],
  "changelogDate": "20201021020531",
  "javadoc": "Task entity.\\n@author The JHipster team.",
  "entityTableName": "task",
  "dto": "no",
  "pagination": "no",
  "service": "serviceImpl",
  "jpaMetamodelFiltering": false,
  "fluentMethods": true,
  "readOnly": false,
  "embedded": false,
  "clientRootFolder": "",
  "applications": "*"
}
