<?xml version="1.0" encoding="UTF-8"?>
<project default="moduloPyhton" name="org.eclipse.acceleo.module.generadorPython">
    <property name="ECLIPSE_HOME" value="../../../eclipse/modeling-2020-06/eclipse"/>
    <property name="ECLIPSE_WORKSPACE" value="../.."/>

    <!-- The classpath with only the dependencies used by the project -->
    <path id="org.eclipse.acceleo.module.generadorPython.libraryclasspath">
        <pathelement location="${ECLIPSE_WORKSPACE}/org.eclipse.acceleo.module.generadorPython/bin"/>
    </path>

    <path id="org.eclipse.acceleo.module.generadorPython.classpath">
        <path refid="org.eclipse.acceleo.module.generadorPython.libraryclasspath"/>
    </path>

    <!-- The classpath with only the jars available in the plugin folder of Eclipse -->
    <path id="org.eclipse.acceleo.module.generadorPython.libraryclasspath.alljars">
        <pathelement location="../org.eclipse.acceleo.module.generadorPython/bin"/>
        <fileset dir="${ECLIPSE_HOME}/plugins/" includes="*.jar"/>
    </path>

    <path id="org.eclipse.acceleo.module.generadorPython.classpath.alljars">
        <path refid="org.eclipse.acceleo.module.generadorPython.libraryclasspath.alljars"/>
    </path>

    <!-- The default task with the jars used by this project -->
    <target name="moduloPyhton">
        <java classname="org.eclipse.acceleo.module.generadorPython.main.ModuloPyhton" classpathref="org.eclipse.acceleo.module.generadorPython.classpath">
            <arg value="${model}"/>
            <arg value="${target}"/>
        </java>
    </target>

    <!--
        In case of problem you can also try with all the jar available in your Eclipse
        Keep in mind that having two versions of the same jar can create problems
    -->
    <target name="moduloPyhton.alljars">
        <java classname="org.eclipse.acceleo.module.generadorPython.main.ModuloPyhton" classpathref="org.eclipse.acceleo.module.generadorPython.classpath">
            <arg value="${model}"/>
            <arg value="${target}"/>
        </java>
    </target>
</project>
