USE ProyectoUM;

INSERT INTO MESA (fecha) VALUES
	('20190626'),
	('20190627'),
	('20190628'),
	('20190701'),
	('20190702'),
	('20190703'),
	('20190731'),
	('20190801'),
	('20190802'),
	('20190805'),
	('20190806');	

SELECT * FROM MESA;

SELECT ID_materia FROM CAR_MAT GROUP BY ID_materia;

INSERT INTO MAT_MESA (ID_materia,fecha) VALUES 
	(1,'20190626'),
	(2,'20190626'),
	(3,'20190626'),
	(4,'20190626'),
	(5,'20190626'),
	(6,'20190626'),
	(7,'20190626'),
	(8,'20190626'),
	(9,'20190626'),
	(10,'20190626'),
	(11,'20190626'),
	(12,'20190626'),
	(13,'20190626'),
	(15,'20190626'),
	(16,'20190626'),
	(17,'20190626'),
	(18,'20190626'),
	(19,'20190626'),
	(20,'20190626'),
	(21,'20190626'),
	(22,'20190626'),
	(23,'20190626'),
	(24,'20190626'),
	(26,'20190626'),
	(27,'20190626'),
	(28,'20190626'),
	(29,'20190626'),
	(30,'20190626'),
	(31,'20190626'),
	(33,'20190626'),
	(34,'20190626'),
	(35,'20190626'),
	(36,'20190626'),
	(37,'20190626'),
	(38,'20190626'),
	(39,'20190626'),
	(40,'20190626'),
	(44,'20190626'),
	(45,'20190626'),
	(46,'20190626'),
	(47,'20190626'),
	(48,'20190626'),
	(50,'20190626'),
	(54,'20190626'),
	(58,'20190626'),
	(59,'20190626'),
	(61,'20190626'),
	(63,'20190626'),
	(66,'20190626'),
	(67,'20190626'),
	(74,'20190626'),
	(80,'20190626'),
	(95,'20190626'),
	(99,'20190626'),
	(100,'20190626'),
	(105,'20190626'),
	(106,'20190626'),
	(128,'20190627'),
	(142,'20190627'),
	(143,'20190627'),
	(234,'20190627'),
	(235,'20190627'),
	(236,'20190627'),
	(237,'20190627'),
	(238,'20190627'),
	(239,'20190627'),
	(240,'20190627'),
	(241,'20190627'),
	(242,'20190627'),
	(243,'20190627'),
	(244,'20190627'),
	(245,'20190627'),
	(246,'20190627'),
	(247,'20190627'),
	(248,'20190627'),
	(249,'20190627'),
	(250,'20190627'),
	(251,'20190627'),
	(252,'20190627'),
	(253,'20190627'),
	(254,'20190627'),
	(255,'20190627'),
	(256,'20190627'),
	(257,'20190627'),
	(258,'20190627'),
	(259,'20190627'),
	(260,'20190627'),
	(261,'20190627'),
	(262,'20190627'),
	(263,'20190627'),
	(264,'20190627'),
	(265,'20190627'),
	(266,'20190627'),
	(267,'20190627'),
	(268,'20190627'),
	(269,'20190627'),
	(270,'20190627'),
	(271,'20190627'),
	(272,'20190627'),
	(273,'20190627'),
	(274,'20190627'),
	(275,'20190627'),
	(276,'20190627'),
	(277,'20190627'),
	(278,'20190627'),
	(279,'20190627'),
	(280,'20190627'),
	(281,'20190627'),
	(282,'20190627'),
	(283,'20190627'),
	(284,'20190627'),
	(285,'20190627'),
	(286,'20190627'),
	(363,'20190628'),
	(364,'20190628'),
	(365,'20190628'),
	(366,'20190628'),
	(367,'20190628'),
	(368,'20190628'),
	(369,'20190628'),
	(370,'20190628'),
	(371,'20190628'),
	(372,'20190628'),
	(373,'20190628'),
	(374,'20190628'),
	(375,'20190628'),
	(376,'20190628'),
	(377,'20190628'),
	(378,'20190628'),
	(379,'20190628'),
	(380,'20190628'),
	(381,'20190628'),
	(382,'20190628'),
	(383,'20190628'),
	(384,'20190628'),
	(385,'20190628'),
	(386,'20190628'),
	(387,'20190628'),
	(388,'20190628'),
	(389,'20190628'),
	(390,'20190628'),
	(391,'20190628'),
	(392,'20190628'),
	(393,'20190628'),
	(394,'20190628'),
	(395,'20190628'),
	(396,'20190628'),
	(397,'20190628'),
	(398,'20190628'),
	(399,'20190628'),
	(400,'20190628'),
	(401,'20190628'),
	(402,'20190628'),
	(403,'20190628'),
	(404,'20190628'),
	(405,'20190628'),
	(406,'20190628'),
	(407,'20190628'),
	(408,'20190628'),
	(409,'20190628'),
	(410,'20190628'),
	(411,'20190628'),
	(412,'20190628'),
	(413,'20190628'),
	(414,'20190628'),
	(415,'20190628'),
	(416,'20190628'),
	(417,'20190628'),
	(419,'20190628'),
	(420,'20190628'),
	(421,'20190701'),
	(422,'20190701'),
	(423,'20190701'),
	(424,'20190701'),
	(425,'20190701'),
	(426,'20190701'),
	(427,'20190701'),
	(428,'20190701'),
	(429,'20190701'),
	(430,'20190701'),
	(431,'20190701'),
	(432,'20190701'),
	(433,'20190701'),
	(434,'20190701'),
	(435,'20190701'),
	(436,'20190701'),
	(437,'20190701'),
	(438,'20190701'),
	(439,'20190701'),
	(440,'20190701'),
	(441,'20190701'),
	(442,'20190701'),
	(443,'20190701'),
	(444,'20190701'),
	(445,'20190701'),
	(446,'20190701'),
	(447,'20190701'),
	(448,'20190701'),
	(449,'20190701'),
	(450,'20190701'),
	(451,'20190701'),
	(452,'20190701'),
	(453,'20190701'),
	(454,'20190701'),
	(470,'20190701'),
	(471,'20190701'),
	(472,'20190701'),
	(473,'20190701'),
	(474,'20190701'),
	(475,'20190701'),
	(476,'20190701'),
	(477,'20190701'),
	(478,'20190701'),
	(479,'20190701'),
	(480,'20190701'),
	(481,'20190701'),
	(482,'20190701'),
	(483,'20190701'),
	(484,'20190701'),
	(485,'20190701'),
	(486,'20190701'),
	(487,'20190701'),
	(488,'20190701'),
	(489,'20190701'),
	(490,'20190701'),
	(491,'20190701'),
	(492,'20190701'),
	(493,'20190702'),
	(494,'20190702'),
	(495,'20190702'),
	(496,'20190702'),
	(497,'20190702'),
	(498,'20190702'),
	(499,'20190702'),
	(500,'20190702'),
	(501,'20190702'),
	(502,'20190702'),
	(503,'20190702'),
	(504,'20190702'),
	(505,'20190702'),
	(506,'20190702'),
	(507,'20190702'),
	(509,'20190702'),
	(510,'20190702'),
	(511,'20190702'),
	(512,'20190702'),
	(513,'20190702'),
	(514,'20190702'),
	(515,'20190702'),
	(516,'20190702'),
	(517,'20190702'),
	(518,'20190702'),
	(519,'20190702'),
	(520,'20190702'),
	(521,'20190702'),
	(522,'20190702'),
	(523,'20190702'),
	(524,'20190702'),
	(525,'20190702'),
	(526,'20190702'),
	(527,'20190702'),
	(528,'20190702'),
	(529,'20190702'),
	(530,'20190702'),
	(531,'20190702'),
	(532,'20190702'),
	(533,'20190702'),
	(534,'20190702'),
	(535,'20190702'),
	(536,'20190702'),
	(537,'20190702'),
	(538,'20190702'),
	(539,'20190702'),
	(540,'20190702'),
	(541,'20190702'),
	(542,'20190702'),
	(543,'20190702'),
	(544,'20190702'),
	(545,'20190702'),
	(546,'20190702'),
	(547,'20190702'),
	(548,'20190702'),
	(549,'20190702'),
	(550,'20190702'),
	(551,'20190702'),
	(552,'20190702'),
	(553,'20190702'),
	(554,'20190702'),
	(555,'20190702'),
	(557,'20190702'),
	(558,'20190702'),
	(559,'20190702'),
	(562,'20190702'),
	(563,'20190702'),
	(564,'20190703'),
	(565,'20190703'),
	(566,'20190703'),
	(567,'20190703'),
	(568,'20190703'),
	(574,'20190703'),
	(575,'20190703'),
	(576,'20190703'),
	(577,'20190703'),
	(578,'20190703'),
	(579,'20190703'),
	(581,'20190703'),
	(582,'20190703'),
	(583,'20190703'),
	(584,'20190703'),
	(585,'20190703'),
	(586,'20190703'),
	(587,'20190703'),
	(588,'20190703'),
	(589,'20190703'),
	(590,'20190703'),
	(591,'20190703'),
	(592,'20190703'),
	(593,'20190703'),
	(594,'20190703'),
	(595,'20190703'),
	(596,'20190703'),
	(597,'20190703'),
	(598,'20190703'),
	(599,'20190703'),
	(600,'20190703'),
	(623,'20190703'),
	(624,'20190703'),
	(625,'20190703'),
	(626,'20190703'),
	(627,'20190703'),
	(628,'20190703'),
	(629,'20190703'),
	(630,'20190703'),
	(631,'20190703'),
	(632,'20190703'),
	(633,'20190703'),
	(634,'20190703'),
	(635,'20190703'),
	(636,'20190703');

SELECT * FROM MAT_MESA WHERE fecha ='20190703' ;


INSERT INTO CAR_ALU(ID_carrera,ID_alumno) VALUES 
	(1,1),
	(1,2),
	(1,3),
	(1,4),
	(1,5),
	(1,6),
	(1,7),
	(3,8),
	(3,9),
	(3,10),
	(3,11),
	(3,12),
	(3,13),
	(3,14),
	(3,15),
	(3,16),
	(3,17),
	(3,18),
	(12,19),
	(12,20),
	(12,21),
	(12,22),
	(12,23),
	(12,24),
	(12,25),
	(12,26),
	(12,27),
	(12,28),
	(12,29),
	(12,30),
	(24,31),
	(24,32),
	(24,33),
	(24,34),
	(24,35),
	(24,36),
	(24,37),
	(24,38),
	(24,39),
	(24,40),
	(24,41),
	(24,42),
	(27,43),
	(27,44),
	(27,45),
	(27,46),
	(27,47),
	(27,48),
	(27,49),
	(27,50),
	(28,51),
	(28,52),
	(28,53),
	(28,54),
	(28,55),
	(28,56),
	(28,57),
	(28,58),
	(28,59),
	(28,60),
	(22,61),
	(22,62),
	(22,63),
	(22,64),
	(22,65),
	(22,66),
	(17,67),
	(17,68),
	(17,69),
	(17,70),
	(17,71),
	(17,72),
	(17,73),
	(17,74),
	(17,75),
	(17,76),
	(15,77),
	(15,78),
	(15,79),
	(15,80),
	(15,81),
	(15,82),
	(15,83),
	(15,84),
	(15,85),
	(24,86),
	(24,87);
	
SELECT ALUMNO.ID_alumno ,ALUMNO.nombre,ALUMNO.apellido,CARRERA.nombre FROM CARRERA,ALUMNO,CAR_ALU  where CARRERA.ID_carrera= CAR_ALU.ID_carrera and ALUMNO.ID_alumno = CAR_ALU.ID_alumno order by ALUMNO.ID_alumno;